<?xml version="1.0" encoding="UTF-8"?>

<!DOCTYPE mapper PUBLIC "-//mybatis.org//DTD Mapper 3.0//EN" 
"http://mybatis.org/dtd/mybatis-3-mapper.dtd">

<mapper namespace="auth.mapper">



<!-- 해당 글 수정 저장 처리 -->
<update id="update">
	update producer_check set title=#{title}, content = #{content}
			, filename1=#{filename1 , jdbcType=VARCHAR }, filepath1=#{filepath1, jdbcType=VARCHAR}
			, filename2=#{filename2 , jdbcType=VARCHAR }, filepath2=#{filepath2, jdbcType=VARCHAR}
			, filename3=#{filename3 , jdbcType=VARCHAR }, filepath3=#{filepath3, jdbcType=VARCHAR}
	where id = #{id}			

</update>

<!-- 해당 글 상세정보 조회 -->
<select id="detail" resultType="auth.AuthVO">
	select b.*, (select name from member where member.email = b.writer) name
	from producer_check b
	where id = #{id}

</select>


<!-- 기획자 인증 신규 글 저장 -->
<insert id="insert">

	insert into producer_check (title, content, writer, filename1, filepath1, filename2, filepath2, filename3, filepath3)
	values ( #{title}, #{content}, #{writer}
			, #{filename1 , jdbcType=VARCHAR }, #{filepath1, jdbcType=VARCHAR}
			, #{filename2 , jdbcType=VARCHAR }, #{filepath2, jdbcType=VARCHAR}
			, #{filename3 , jdbcType=VARCHAR }, #{filepath3, jdbcType=VARCHAR} )
</insert>

<sql id = 'where_search'>
	<if test="search=='title' or search=='content' ">
		where ${search} like '%'|| #{keyword} || '%' 
	</if>
	<if test="search == 'writer' ">
		where <include refid="search_writer" />		
	</if>
	<if test="search == 'all' ">
		where title like '%'|| #{keyword} ||'%'
		or content like '%'|| #{keyword} ||'%'
		or <include refid="search_writer" /> 
		<!--  writer in ( select id from s_member where name like '%'|| #{keyword} ||'%' ) -->
	</if>
</sql>

<sql id='search_writer'>
	writer in ( select id from member where name like '%'|| #{keyword} ||'%' )
</sql>


<!-- 기획자 인증 글 전체 수 조회 ==> 관리자 only -->
<select id="totalList" resultType="integer">
	select count(*) from producer_check <include refid="where_search" />
</select>


<!-- 기획자 인증 글 전체 조회 ==> 관리자 only -->
<select id="list" resultType="auth.AuthVO">
	select *
	from (select rownum no, b.*, (select name from member where email = b.writer) name
			from (select * from producer_check <include refid="where_search" />
					order by id ) b
			order by no desc)
	where no between #{beginList} and #{endList}
</select>

</mapper>